{
  "additional_special_tokens": [
    "<|start_of_role|>",
    "<|end_of_role|>",
    "<|tool_call|>"
  ],
  "bos_token": {
    "content": "<|end_of_text|>",
    "lstrip": false,
    "normalized": false,
    "rstrip": false,
    "single_word": false
  },
  "eos_token": {
    "content": "<|end_of_text|>",
    "lstrip": false,
    "normalized": false,
    "rstrip": false,
    "single_word": false
  },
  "pad_token": "<|end_of_text|>",
  "unk_token": {
    "content": "<|end_of_text|>",
    "lstrip": false,
    "normalized": false,
    "rstrip": false,
    "single_word": false
  }
}
