{
  "alpha_pattern": {},
  "auto_mapping": {
    "base_model_class": "GraniteMoeForCausalLM",
    "parent_library": "transformers.models.granitemoe.modeling_granitemoe",
    "unsloth_fixed": true
  },
  "base_model_name_or_path": "ibm-granite/granite-3.0-3b-a800m-instruct",
  "bias": "none",
  "corda_config": null,
  "eva_config": null,
  "exclude_modules": null,
  "fan_in_fan_out": false,
  "inference_mode": true,
  "init_lora_weights": true,
  "layer_replication": null,
  "layers_pattern": null,
  "layers_to_transform": null,
  "loftq_config": {},
  "lora_alpha": 16,
  "lora_bias": false,
  "lora_dropout": 0,
  "megatron_config": null,
  "megatron_core": "megatron.core",
  "modules_to_save": null,
  "peft_type": "LORA",
  "qalora_group_size": 16,
  "r": 16,
  "rank_pattern": {},
  "revision": null,
  "target_modules": [
    "k_proj",
    "q_proj",
    "o_proj",
    "gate_proj",
    "up_proj",
    "down_proj",
    "v_proj"
  ],
  "target_parameters": null,
  "task_type": "CAUSAL_LM",
  "trainable_token_indices": null,
  "use_dora": false,
  "use_qalora": false,
  "use_rslora": false
}